Chain Name,Customer Name,Address,City,State,Zip Code,Prod #,Description,Pack,Size,Cost,Units
,ANNS HEALTH FOOD,2634 S ZANG BLVD            ,DALLAS            ,TX,75224,14480,GNG LMN PRTN SMOOTHIE,12,12 OZ,$33.96 ,1
,ATKINSONS MARKETS,91 E. CROY ST               ,HAILEY            ,ID,83333,45453,SUPERFOOD POWDER,1,20 OZ,$16.19 ,1
,"BLOSSOM ON LOPEZ, INC.      ",295 VILLAGE RD              ,LOPEZ ISLAND      ,WA,98261,76740,NUT SPICES BAR,12,2 OZ,$15.12 ,1
,BROULIMS SUPERMARKET,141 WASHINGTON ST           ,AFTON             ,WY,83110,98474,VANILLA PLANT YOGURT,6,6 OZ,$6.18 ,1
,RJ`S MARKET                 ,1425 SANSOME STREET         ,SAN FRANCISCO     ,CA,94111,76740,NUT SPICES BAR,12,2 OZ,$30.24 ,2
,RJ`S MARKET                 ,1425 SANSOME STREET         ,SAN FRANCISCO     ,CA,94111,80760,CHOC PRTN BAR,12,2 OZ,$15.12 ,1
,MOONFLOWER COMMUNITY COOP   ,39 EAST 100 NORTH           ,MOAB              ,UT,84532,45453,SUPERFOOD POWDER,1,20 OZ,$32.38 ,2
,EUREKA AND HARVEST,2165 CENTRAL AVE            ,MCKINLEYVILLE     ,CA,95519,76740,NUT SPICES BAR,12,2 OZ,$15.12 ,1
,GUS`S COMMUNITY MKT         ,2111 HARRISON ST            ,SAN FRANCISCO     ,CA,94110,14476,COCO BANA SMOOTHIE,12,12 OZ,$169.80 ,5
,GUS`S COMMUNITY MKT         ,2111 HARRISON ST            ,SAN FRANCISCO     ,CA,94110,25452,BERRY PRTN SMOOTHIE,12,12 OZ,$33.96 ,1
,GUS`S COMMUNITY MKT         ,2111 HARRISON ST            ,SAN FRANCISCO     ,CA,94110,45453,SUPERFOOD POWDER,1,20 OZ,$32.38 ,2
,HAIGHT STREET MARKET        ,1530 HAIGHT STREET          ,SAN FRANCISCO     ,CA,94117,14476,COCO BANA SMOOTHIE,12,12 OZ,$33.96 ,1
,HAIGHT STREET MARKET        ,1530 HAIGHT STREET          ,SAN FRANCISCO     ,CA,94117,25452,BERRY PRTN SMOOTHIE,12,12 OZ,$33.96 ,1
,EL CERRITO NATURAL          ,10367 SAN PABLO AVENUE      ,EL CERRITO        ,CA,94530,70679,FRUIT BERRY BAR,12,2 OZ,$15.12 ,1
,KEAAU NATURAL FOODS,16-586 OLD VOLCANO RD STE109,"KEAAU,  HAWAII    ",HI,96749,70679,FRUIT BERRY BAR,12,2 OZ,$15.12 ,1
,KEAAU NATURAL FOODS,16-586 OLD VOLCANO RD STE109,"KEAAU,  HAWAII    ",HI,96749,76740,NUT SPICES BAR,12,2 OZ,$15.12 ,1
,KEAAU NATURAL FOODS,16-586 OLD VOLCANO RD STE109,"KEAAU,  HAWAII    ",HI,96749,80760,CHOC PRTN BAR,12,2 OZ,$15.12 ,1
,MANDELA FOODS COOPERATIVE   ,1430 7TH ST                 ,OAKLAND           ,CA,94607,76740,NUT SPICES BAR,12,2 OZ,$75.60 ,5
,MANDELA FOODS COOPERATIVE   ,1430 7TH ST                 ,OAKLAND           ,CA,94607,80760,CHOC PRTN BAR,12,2 OZ,$30.24 ,2
,MARKET 5 ONE 5              ,915 R ST                    ,SACRAMENTO        ,CA,95811,76740,NUT SPICES BAR,12,2 OZ,$15.12 ,1
,MT MAMA NATURAL FOODS INC   ,1625 W UINTAH               ,COLORADO SPRINGS  ,CO,80904,45453,SUPERFOOD POWDER,1,20 OZ,$16.19 ,1
,MT MAMA NATURAL FOODS INC   ,1625 W UINTAH               ,COLORADO SPRINGS  ,CO,80904,76740,NUT SPICES BAR,12,2 OZ,$15.12 ,1
,NATURAL PANTRY DRY          ,3680 BARROW ST              ,ANCHORAGE         ,AK,99503,70679,FRUIT BERRY BAR,12,2 OZ,$15.12 ,1
,NATURAL PANTRY DRY          ,3680 BARROW ST              ,ANCHORAGE         ,AK,99503,76740,NUT SPICES BAR,12,2 OZ,$15.12 ,1
,NATURAL PANTRY DRY          ,3680 BARROW ST              ,ANCHORAGE         ,AK,99503,80760,CHOC PRTN BAR,12,2 OZ,$15.12 ,1
,NEW MOON NATURAL FOODS,11357 DONNER PASS RD        ,TRUCKEE           ,CA,96161,66736,HONEY BUTTER SMOOTHIE,12,12 OZ,$33.96 ,1
,NATURE`S MARKET             ,26011 - 104TH AVE SE        ,KENT              ,WA,98031,45453,SUPERFOOD POWDER,1,20 OZ,$97.14 ,6
,RED APPLE ON 6TH            ,849 W 6TH AVE               ,EUGENE            ,OR,97402,80760,CHOC PRTN BAR,12,2 OZ,$15.12 ,1
,RAINBOW GROCERY SF,1745 FOLSOM STREET          ,SAN FRANCISCO     ,CA,94103,56732,GREEN PRTN SMOOTHIE,12,12 OZ,$33.96 ,1
,RAINBOW GROCERY SF,1745 FOLSOM STREET          ,SAN FRANCISCO     ,CA,94103,60678,CITRUS SMOOTHIE,12,12 OZ,$33.96 ,1
,RAINBOW GROCERY SF,1745 FOLSOM STREET          ,SAN FRANCISCO     ,CA,94103,66736,HONEY BUTTER SMOOTHIE,12,12 OZ,$33.96 ,1
,RAINBOW GROCERY SF,1745 FOLSOM STREET          ,SAN FRANCISCO     ,CA,94103,76740,NUT SPICES BAR,12,2 OZ,$15.12 ,1
,RAINBOW GROCERY SF,1745 FOLSOM STREET          ,SAN FRANCISCO     ,CA,94103,80760,CHOC PRTN BAR,12,2 OZ,$15.12 ,1
,RAYS FOOD PLACE,875 REDWOOD DRIVE           ,GARBERVILLE       ,CA,95542,45453,SUPERFOOD POWDER,1,20 OZ,$32.38 ,2
,ROBERTS OF WOODSIDE         ,3015 WOODSIDE ROAD          ,WOODSIDE          ,CA,94062,45453,SUPERFOOD POWDER,1,20 OZ,$16.19 ,1
,HARVEST MARKET              ,171 BOATYARD DRIVE          ,FORT BRAGG        ,CA,95437,94576,CHOC PLANT YOGURT,6,6 OZ,$49.44 ,8
,GRASS ROOTS NATURAL FOODS   ,2030 DUNLAP DRIVE           ,SOUTH LAKE TAHOE  ,CA,96510,56732,GREEN PRTN SMOOTHIE,12,12 OZ,$33.96 ,1
,GRASS ROOTS NATURAL FOODS   ,2030 DUNLAP DRIVE           ,SOUTH LAKE TAHOE  ,CA,96510,60678,CITRUS SMOOTHIE,12,12 OZ,$33.96 ,1
,S & S PRODUCE               ,1924 MANGROVE AVENUE        ,CHICO             ,CA,95926,45453,SUPERFOOD POWDER,1,20 OZ,$48.57 ,3
,SUNSHINE HEALTH FOODS,410 TRAINOR GATE RD         ,FAIRBANKS         ,AK,99701,45453,SUPERFOOD POWDER,1,20 OZ,$64.76 ,4
,SUNSHINE HEALTH FOODS,3525 COLLEGE RD             ,FAIRBANKS         ,AK,99709,45453,SUPERFOOD POWDER,1,20 OZ,$64.76 ,4
,GOOD MEASURE MARKET         ,614 S MAIN ST               ,SEARCY            ,AR,72143,45453,SUPERFOOD POWDER,1,20 OZ,$16.19 ,1
,INTERDEPENDENCE FOODS       ,2081 W STATE RT 89A #5      ,SEDONA            ,AZ,86336,80760,CHOC PRTN BAR,12,2 OZ,$15.12 ,1
,TEMPE FARMERS MARKET        ,805 S FARMERS AVE           ,TEMPE             ,AZ,85016,70679,FRUIT BERRY BAR,12,2 OZ,$75.60 ,5
,TEMPE FARMERS MARKET        ,805 S FARMERS AVE           ,TEMPE             ,AZ,85016,76740,NUT SPICES BAR,12,2 OZ,$15.12 ,1
,TEMPE FARMERS MARKET        ,805 S FARMERS AVE           ,TEMPE             ,AZ,85016,80760,CHOC PRTN BAR,12,2 OZ,$15.12 ,1
,ARTESIAN HEALTH FOODS II    ,2251 W. GRANT LINE RD       ,TRACY             ,CA,95377,45453,SUPERFOOD POWDER,1,20 OZ,$16.19 ,1
,MOUNTAIN SONG NATL FOODS    ,314 NORTH MT SHASTA BLVD    ,MT. SHASTA        ,CA,96067,35454,PLAIN PLANT YOGURT,6,6 OZ,$6.18 ,1
,CHAUTAUQUA NATURAL,783 LOCUST                  ,GARBERVILLE       ,CA,95542,84475,BERRY PLANT YOGURT,6,6 OZ,$12.36 ,2
,CHAUTAUQUA NATURAL,783 LOCUST                  ,GARBERVILLE       ,CA,95542,98474,VANILLA PLANT YOGURT,6,6 OZ,$12.36 ,2
,CHAUTAUQUA NATURAL,783 LOCUST                  ,GARBERVILLE       ,CA,95542,94576,CHOC PLANT YOGURT,6,6 OZ,$49.44 ,8
,WILLIAMS NATURAL FOODS      ,12249 SAN PABLO AVE         ,RICHMOND          ,CA,94805,45453,SUPERFOOD POWDER,1,20 OZ,$32.38 ,2
,HUDSON GREENS AND GOODS     ,610 FIRST STE#15            ,NAPA              ,CA,94559,80760,CHOC PRTN BAR,12,2 OZ,$15.12 ,1
,WESTRIDGE MIDTOWN MARKET    ,131 W OJAI AVE              ,OJAI              ,CA,93023,35454,PLAIN PLANT YOGURT,6,6 OZ,$18.54 ,3
,WESTRIDGE MIDTOWN MARKET    ,131 W OJAI AVE              ,OJAI              ,CA,93023,45453,SUPERFOOD POWDER,1,20 OZ,$48.57 ,3
,DIABLO FOODS                ,3615 MT DIABLO BLVD         ,LAFAYETTE         ,CA,94549,76740,NUT SPICES BAR,12,2 OZ,$15.12 ,1
,NATURES OASIS               ,300 S CAMINO DEL RIO        ,DURANGO           ,CO,81301,14476,COCO BANA SMOOTHIE,12,12 OZ,$33.96 ,1
,NATURES OASIS               ,300 S CAMINO DEL RIO        ,DURANGO           ,CO,81301,14480,GNG LMN PRTN SMOOTHIE,12,12 OZ,$33.96 ,1
,ELEPHANT CLOUD              ,200 COTTONWOOD              ,CRESTONE          ,CO,81131,45453,SUPERFOOD POWDER,1,20 OZ,$64.76 ,4
,KILAUEA GENERAL STORE,19-3972 OLD VOLCANO RD      ,"VOLCANO , HAWAII  ",HI,96785,80760,CHOC PRTN BAR,12,2 OZ,$15.12 ,1
,CHOICE MART,82-6066 MAMALAHOA HWY       ,CAPT COOK         ,HI,96704,45453,SUPERFOOD POWDER,1,20 OZ,$16.19 ,1
,HOKU FOODS NATURAL MKT,4585 LEHUA ST               ,KAPAA             ,HI,96746,45453,SUPERFOOD POWDER,1,20 OZ,$32.38 ,2
,STAY WELL HEALTH FOOD       ,1563 FILLMORE ST #1B        ,TWIN FALLS        ,ID,83301,45453,SUPERFOOD POWDER,1,20 OZ,$32.38 ,2
,NEW ORLEANS FOOD COOP       ,2372 ST CLAUDE              ,NEW ORLEANS       ,LA,70117,45453,SUPERFOOD POWDER,1,20 OZ,$80.95 ,5
,NEW ORLEANS FOOD COOP       ,2372 ST CLAUDE              ,NEW ORLEANS       ,LA,70117,98474,VANILLA PLANT YOGURT,6,6 OZ,$12.36 ,2
,SEMILLA NATURAL FOODS       ,510 UNIVERSITY AVE          ,LAS VEGAS         ,NM,87701,25452,BERRY PRTN SMOOTHIE,12,12 OZ,$203.76 ,6
,SEMILLA NATURAL FOODS       ,510 UNIVERSITY AVE          ,LAS VEGAS         ,NM,87701,35454,PLAIN PLANT YOGURT,6,6 OZ,$12.36 ,2
,SEMILLA NATURAL FOODS       ,510 UNIVERSITY AVE          ,LAS VEGAS         ,NM,87701,45453,SUPERFOOD POWDER,1,20 OZ,$32.38 ,2
,SEMILLA NATURAL FOODS       ,510 UNIVERSITY AVE          ,LAS VEGAS         ,NM,87701,76740,NUT SPICES BAR,12,2 OZ,$15.12 ,1
,SEMILLA NATURAL FOODS       ,510 UNIVERSITY AVE          ,LAS VEGAS         ,NM,87701,84475,BERRY PLANT YOGURT,6,6 OZ,$12.36 ,2
,SEMILLA NATURAL FOODS       ,510 UNIVERSITY AVE          ,LAS VEGAS         ,NM,87701,98474,VANILLA PLANT YOGURT,6,6 OZ,$12.36 ,2
,SEMILLA NATURAL FOODS       ,510 UNIVERSITY AVE          ,LAS VEGAS         ,NM,87701,94576,CHOC PLANT YOGURT,6,6 OZ,$12.36 ,2
,HERBALLY GROUNDED           ,4441 W. CHARLESTON BLVD     ,LAS VEGAS         ,NV,89102,45453,SUPERFOOD POWDER,1,20 OZ,$97.14 ,6
,VILLAGE MARKET              ,770 MAYS BLVD #2            ,INCLINE VILLAGE   ,NV,89451,70679,FRUIT BERRY BAR,12,2 OZ,$15.12 ,1
,VILLAGE MARKET              ,770 MAYS BLVD #2            ,INCLINE VILLAGE   ,NV,89451,76740,NUT SPICES BAR,12,2 OZ,$15.12 ,1
,VILLAGE MARKET              ,770 MAYS BLVD #2            ,INCLINE VILLAGE   ,NV,89451,80760,CHOC PRTN BAR,12,2 OZ,$30.24 ,2
,YOUR STORE                  ,555 SW OAK ST               ,PORTLAND          ,OR,97204,76740,NUT SPICES BAR,12,2 OZ,$15.12 ,1
,GRANTS PASS FARMER`S MARKET ,603 ROGUE RIVER HWY(474-0252,GRANTS PASS       ,OR,97527,45453,SUPERFOOD POWDER,1,20 OZ,$16.19 ,1
,WILD MANZANITA              ,298 LANEDA AVE              ,MANZANITA         ,OR,97130,45453,SUPERFOOD POWDER,1,20 OZ,$16.19 ,1
,SEBASTOPOL COMMUNITY MARKET ,6762 SEBASTOPOL AVE #100    ,SEBASTOPOL        ,CA,95472,45453,SUPERFOOD POWDER,1,20 OZ,$16.19 ,1
,SEBASTOPOL COMMUNITY MARKET ,6762 SEBASTOPOL AVE #100    ,SEBASTOPOL        ,CA,95472,76740,NUT SPICES BAR,12,2 OZ,$15.12 ,1
,SEBASTOPOL COMMUNITY MARKET ,6762 SEBASTOPOL AVE #100    ,SEBASTOPOL        ,CA,95472,98474,VANILLA PLANT YOGURT,6,6 OZ,$6.18 ,1
,SANTA ROSA COMMUNITY MARKET ,1899 MENDOCINO AVENUE       ,SANTA ROSA        ,CA,95401,45453,SUPERFOOD POWDER,1,20 OZ,$16.19 ,1
,BACK TO NATURE              ,825 14TH STREET             ,STURGIS           ,SD,57785,45453,SUPERFOOD POWDER,1,20 OZ,$16.19 ,1
,HILL COUNTRY HEALTH         ,2304 HWY 281 NORTH          ,MARBLE FALLS      ,TX,78654,45453,SUPERFOOD POWDER,1,20 OZ,$32.38 ,2
,ERMAS NUTRITION CENTER      ,2332 NASA 1 BLVD            ,NASSAU BAY        ,TX,77058,45453,SUPERFOOD POWDER,1,20 OZ,$32.38 ,2
,BLUE WATER NATURAL FOODS    ,PO BOX 343                  ,ALPINE            ,TX,79830,35454,PLAIN PLANT YOGURT,6,6 OZ,$12.36 ,2
,BLUE WATER NATURAL FOODS    ,PO BOX 343                  ,ALPINE            ,TX,79830,45453,SUPERFOOD POWDER,1,20 OZ,$32.38 ,2
,SOL FOODS SUPERMARKET       ,995 ZION PARK BLVD          ,SPRINGDALE        ,UT,84767,98474,VANILLA PLANT YOGURT,6,6 OZ,$6.18 ,1
,YELM FOOD CO-OP             ,308 E YELM AVE              ,YELM              ,WA,98597,45453,SUPERFOOD POWDER,1,20 OZ,$48.57 ,3
,MAIN STREET MARKET          ,1 NORTH MAIN                ,OMAK              ,WA,98841,80760,CHOC PRTN BAR,12,2 OZ,$120.96 ,8
,ISLA VISTA COOP,6575 SEVILLE RD,ISLA VISTA,CA,93117,80760,CHOC PRTN BAR,12,2 OZ,$15.12 ,1
ANDYS LOCAL MARKET,ANDYS CORTE MADERA          ,195 TAMAL VISTA BLVD        ,CORTE MADERA      ,CA,94925,25452,BERRY PRTN SMOOTHIE,12,12 OZ,$33.96 ,1
ANDYS LOCAL MARKET,ANDYS LOCAL MARKET          ,75 LOCH LOMOND DRIVE        ,SAN RAFAEL        ,CA,94901,25452,BERRY PRTN SMOOTHIE,12,12 OZ,$33.96 ,1
BERKELEY BOWL,BERKELEY BOWL               ,2020 OREGON STREET          ,BERKELEY          ,CA,94703,80760,CHOC PRTN BAR,12,2 OZ,$15.12 ,1
BERKELEY BOWL,BERKELEY BOWL WEST          ,920 HEINZ AVE               ,BERKELEY          ,CA,94703,70679,FRUIT BERRY BAR,12,2 OZ,$30.24 ,2
BERKELEY BOWL,BERKELEY BOWL WEST          ,920 HEINZ AVE               ,BERKELEY          ,CA,94703,76740,NUT SPICES BAR,12,2 OZ,$30.24 ,2
BERKELEY BOWL,BERKELEY BOWL WEST          ,920 HEINZ AVE               ,BERKELEY          ,CA,94703,80760,CHOC PRTN BAR,12,2 OZ,$45.36 ,3
BRISTOL FARMS,BRISTOL FARMS #04           ,8448 LINCOLN BLVD           ,WESTCHESTER       ,CA,90045,76740,NUT SPICES BAR,12,2 OZ,$60.48 ,4
BRISTOL FARMS,BRISTOL FARMS #10           ,9039 BEVERLY BLVD           ,WEST HOLLYWOOD    ,CA,90048,70679,FRUIT BERRY BAR,12,2 OZ,$30.24 ,2
BRISTOL FARMS,BRISTOL FARMS MARKET (HOLLYWOOD),7880 SUNSET BLVD,LOS ANGELES,CA,90046,80760,CHOC PRTN BAR,12,2 OZ,$15.12 ,1
BRISTOL FARMS,BRISTOL FARMS MARKET (MANHATTAN BEACH),1570 ROSECRANS AVE,MANHATTAN BEACH,CA,90266,80760,CHOC PRTN BAR,12,2 OZ,$15.12 ,1
BRISTOL FARMS,BRISTOL FARMS MARKET (NEWPORT BEACH),810 AVOCADO AVE,NEWPORT BEACH,CA,92660,80760,CHOC PRTN BAR,12,2 OZ,$15.12 ,1
BRISTOL FARMS,BRISTOL FARMS MARKET (PALM DESERT),73101 COUNTRY CLUB DR,PALM DESERT,CA,92260,80760,CHOC PRTN BAR,12,2 OZ,$15.12 ,1
BRISTOL FARMS,BRISTOL FARMS MARKET (ROLLING HILLS),837 SILVER SPUR RD,ROLLING HILLS ESTATES,CA,90274,80760,CHOC PRTN BAR,12,2 OZ,$15.12 ,1
BRISTOL FARMS,BRISTOL FARMS MARKET (SOUTH PASADENA),606 FAIR OAKS AVE,SOUTH PASADENA,CA,91030,80760,CHOC PRTN BAR,12,2 OZ,$15.12 ,1
BRISTOL FARMS,BRISTOL FARMS MARKET (WESTCHESTER),8448 LINCOLN BLVD,LOS ANGELES,CA,90045,80760,CHOC PRTN BAR,12,2 OZ,$15.12 ,1
BRISTOL FARMS,BRISTOL FARMS MARKET (WESTWOOD),1515 WESTWOOD BLVD,LOS ANGELES,CA,90024,80760,CHOC PRTN BAR,12,2 OZ,$120.96 ,8
CHUCKS PRODUCE,CHUCKS PRODUCE #2,2302 NE 117TH ST            ,VANCOUVER         ,WA,98684,45453,SUPERFOOD POWDER,1,20 OZ,$16.19 ,1
CIDS,CIDS MRKT,623 PASEO DEL PUEBLO NRT    ,TAOS              ,NM,87571,45453,SUPERFOOD POWDER,1,20 OZ,$80.95 ,5
CLARKS MARKETS,CLARKS MARKET SNOWMASS      ,16 KEARNS RD                ,SNOWMASS VILLAGE  ,CO,81615,76740,NUT SPICES BAR,12,2 OZ,$15.12 ,1
CLARKS NUTRITION CENTER,CLARK`S NUTRI CNTR RCHO MIRA,34175 MONTEREY              ,RANCHO MIRAGE     ,CA,92270,76740,NUT SPICES BAR,12,2 OZ,$15.12 ,1
COUNTRY AIRE MARKET,COUNTRY AIRE GROCERY        ,200 W FIRST ST              ,PORT ANGELES      ,WA,98362,45453,SUPERFOOD POWDER,1,20 OZ,$97.14 ,6
DOWN TO EARTH,D.T.E. KAHULUI PROMO        ,305 DAIRY ROAD              ,"KAHULUI, MAUI     ",HI,94577,70679,FRUIT BERRY BAR,12,2 OZ,$90.72 ,6
DRAEGERS,DRAEGER`S SAN MATEO         ,222 E. 4TH AVE              ,SAN MATEO         ,CA,94401,76740,NUT SPICES BAR,12,2 OZ,$15.12 ,1
DRAEGERS,DRAEGER`S SAN MATEO         ,222 E. 4TH AVE              ,SAN MATEO         ,CA,94401,80760,CHOC PRTN BAR,12,2 OZ,$30.24 ,2
FARMER JOE`S MARKETPLACE,FARMER JOE`S #2             ,3426 FRUITVALE AVE          ,OAKLAND           ,CA,94602,45453,SUPERFOOD POWDER,1,20 OZ,$97.14 ,6
FARMER JOE`S MARKETPLACE,FARMER JOE`S #2             ,3426 FRUITVALE AVE          ,OAKLAND           ,CA,94602,76740,NUT SPICES BAR,12,2 OZ,$30.24 ,2
FARMER JOE`S MARKETPLACE,FARMER JOE`S #2             ,3426 FRUITVALE AVE          ,OAKLAND           ,CA,94602,80760,CHOC PRTN BAR,12,2 OZ,$120.96 ,8
FIESTA MART,FIESTA MART 18              ,8130 KIRBY DR               ,HOUSTON           ,TX,77054,45453,SUPERFOOD POWDER,1,20 OZ,$129.52 ,8
FIESTA MART,FIESTA MART 20              ,8320 FM 1960                ,HOUSTON           ,TX,77070,45453,SUPERFOOD POWDER,1,20 OZ,$97.14 ,6
FIESTA MART,FIESTA MART 25              ,3909 N I-35 SERVICE ROAD    ,AUSTIN            ,TX,78722,45453,SUPERFOOD POWDER,1,20 OZ,$80.95 ,5
FIESTA MART,FIESTA MART 66              ,333 S.MASON ROAD            ,KATY              ,TX,77450,45453,SUPERFOOD POWDER,1,20 OZ,$16.19 ,1
FOODLAND,FOODLAND ALA MOANA #11      ,1450 ALA MOANA BLVD         ,"HONOLULU, OAHU    ",HI,96814,45453,SUPERFOOD POWDER,1,20 OZ,$64.76 ,4
FOODLAND,FOODLAND PEARL CITY #9      ,1089 WAIMANO HOME ROAD      ,PEARL CITY        ,HI,96782,45453,SUPERFOOD POWDER,1,20 OZ,$48.57 ,3
GOOD EARTH,GOOD EARTH FAIRFAX,720 CENTER BLVD             ,FAIRFAX           ,CA,94930,45453,SUPERFOOD POWDER,1,20 OZ,$80.95 ,5
GOOD EARTH,GOOD EARTH UTAH,336 W MAIN ST               ,AMERICAN FORK     ,UT,84003,45453,SUPERFOOD POWDER,1,20 OZ,$16.19 ,1
GOODWINS ORGANICS,GOODWINS ORGANIC FOODS      ,191 WEST BIG SPRING ROAD    ,RIVERSIDE         ,CA,92507,45453,SUPERFOOD POWDER,1,20 OZ,$16.19 ,1
GREEN ACRES,GREEN ACRES 7            ,7301 S PENN AVE STE D       ,OKLAHOMA CITY     ,OK,73159,45453,SUPERFOOD POWDER,1,20 OZ,$32.38 ,2
GREEN ACRES,GREEN ACRES 8             ,14 NW SHERIDAN              ,LAWTON            ,OK,73505,45453,SUPERFOOD POWDER,1,20 OZ,$64.76 ,4
HARMON`S,HARMONS #01 WEST,3955 WEST 3500 SOUTH        ,W VALLEY CITY     ,UT,84120,45453,SUPERFOOD POWDER,1,20 OZ,$16.19 ,1
HARMON`S,HARMONS #01 WEST,3955 WEST 3500 SOUTH        ,W VALLEY CITY     ,UT,84120,45453,SUPERFOOD POWDER,1,20 OZ,$16.19 ,1
HARMON`S,HARMONS #21 BRCKYRD,3270 SOUTH 1300 EAST        ,SALT LAKE CITY    ,UT,84106,45453,SUPERFOOD POWDER,1,20 OZ,$129.52 ,8
HARMON`S,HARMONS #24 CTY CRK,135 EAST 100 SOUTH          ,SALT LAKE CITY    ,UT,84111,98474,VANILLA PLANT YOGURT,6,6 OZ,$12.36 ,2
HOLIDAY QUALITY FOODS,HOLIDAY MARKET #54  ,271 MAIN STREET             ,CHESTER           ,CA,96020,45453,SUPERFOOD POWDER,1,20 OZ,$16.19 ,1
JIMBOS,JIMBOS NTRLY DEL MAR   ,12841 EL CAMINO REAL        ,SAN DIEGO         ,CA,92130,84475,BERRY PLANT YOGURT,6,6 OZ,$12.36 ,2
JIMBOS,JIMBOS NTRLY DEL MAR   ,12841 EL CAMINO REAL        ,SAN DIEGO         ,CA,92130,98474,VANILLA PLANT YOGURT,6,6 OZ,$6.18 ,1
JIMBOS,JIMBOS NTRLY DEL MAR   ,12841 EL CAMINO REAL        ,SAN DIEGO         ,CA,92130,94576,CHOC PLANT YOGURT,6,6 OZ,$12.36 ,2
JIMBOS,JIMBOS NTRLY DEL MAR        ,12841 EL CAMINO REAL        ,SAN DIEGO         ,CA,92130,70679,FRUIT BERRY BAR,12,2 OZ,$30.24 ,2
LASSENS,LASSEN`S HEALTH FDS ECHO PK ,1631 W SUNSET BLVD          ,LOS ANGELES       ,CA,90026,45453,SUPERFOOD POWDER,1,20 OZ,$113.33 ,7
LASSENS,LASSENS HEALTH FDS FRESNO   ,9439 N FORT WASHINGTON RD   ,FRESNO            ,CA,93730,70679,FRUIT BERRY BAR,12,2 OZ,$15.12 ,1
LASSENS,LASSENS HEALTH FDS WILSHIRE ,710 S LA BREA AVE           ,LOS ANGELES       ,CA,90036,45453,SUPERFOOD POWDER,1,20 OZ,$16.19 ,1
LASSENS,LASSENS LOS ANGELES         ,2080 HILLHURST AVE          ,LOS ANGELES       ,CA,90027,45453,SUPERFOOD POWDER,1,20 OZ,$64.76 ,4
LASSENS,LASSENS SAN LUIS OBISPO     ,896 FOOTHILL BLVD           ,SAN LUIS OBISPO   ,CA,93405,45453,SUPERFOOD POWDER,1,20 OZ,$16.19 ,1
LASSENS,LASSENS THOUSAND OAKS       ,2150 E THOUSAND OAKS BLVD   ,THOUSAND OAKS     ,CA,91362,45453,SUPERFOOD POWDER,1,20 OZ,$16.19 ,1
LASSENS,LASSENS VENTURA             ,4071 E. MAIN ST  644-6990   ,VENTURA           ,CA,93003,45453,SUPERFOOD POWDER,1,20 OZ,$48.57 ,3
LUCKYS MARKET AND DELI,LMK 01,3960 BROADWAY               ,BOULDER           ,CO,80304,45453,SUPERFOOD POWDER,1,20 OZ,$16.19 ,1
LUCKYS MARKET AND DELI,LMK 27,695 S BROADWAY              ,BOULDER           ,CO,80305,45453,SUPERFOOD POWDER,1,20 OZ,$16.19 ,1
LUCKYS MARKET AND DELI,LMK 27,695 S BROADWAY              ,BOULDER           ,CO,80305,94576,CHOC PLANT YOGURT,6,6 OZ,$6.18 ,1
MARKET OF CHOICE,MARKET OF CHOICE #02,250 NW LOST SPRINGS TERRACE ,PORTLAND          ,OR,97229,45453,SUPERFOOD POWDER,1,20 OZ,$48.57 ,3
MARKET OF CHOICE,MARKET OF CHOICE #03,1090 SE BELMONT ST          ,PORTLAND          ,OR,97214,45453,SUPERFOOD POWDER,1,20 OZ,$129.52 ,8
MARKET OF CHOICE,MARKET OF CHOICE #05,5639 HOOD STREET            ,WEST LINN         ,OR,97068,45453,SUPERFOOD POWDER,1,20 OZ,$48.57 ,3
MARKET OF CHOICE,MARKET OF CHOICE #07,922 NW CIRCLE BLVD          ,CORVALLIS         ,OR,97330,45453,SUPERFOOD POWDER,1,20 OZ,$48.57 ,3
MARLENES MARKETS,MARLENE`S FEDERAL WAY       ,2565 S GATEWAY CENTER PLAZA ,FEDERAL WAY       ,WA,98003,45453,SUPERFOOD POWDER,1,20 OZ,$80.95 ,5
METROPOLITAN MARKET,METROPOLITAN MARKET ADMIRAL ,2320 42ND SW                ,SEATTLE           ,WA,98116,45453,SUPERFOOD POWDER,1,20 OZ,$32.38 ,2
METROPOLITAN MARKET,METROPOLITAN MARKET QUEEN AN,100 MERCER ST               ,SEATTLE           ,WA,98109,45453,SUPERFOOD POWDER,1,20 OZ,$48.57 ,3
MOLLIE STONES,MOLLIE STONES- GREENBRAE    ,270 BON AIR SHOPPING CENTER ,GREENBRAE         ,CA,94904,14476,COCO BANA SMOOTHIE,12,12 OZ,$305.64 ,9
MOLLIE STONES,MOLLIE STONES PALO ALTO,164 S. CALIFORNIA AVENUE    ,PALO ALTO         ,CA,94306,25452,BERRY PRTN SMOOTHIE,12,12 OZ,$33.96 ,1
MOLLIE STONES,MOLLIE STONES- SAUSALITO    ,100 HARBOR DRIVE            ,SAUSALITO         ,CA,94965,80760,CHOC PRTN BAR,12,2 OZ,$15.12 ,1
MOTHERS MARKETS,MOTHERS MARKET #5   ,151 MEMORY LANE             ,SANTA ANA         ,CA,92706,80760,CHOC PRTN BAR,12,2 OZ,$15.12 ,1
NCG,ARCATA CO-OP,811 I STREET                ,ARCATA            ,CA,95521,45453,SUPERFOOD POWDER,1,20 OZ,$113.33 ,7
NCG,ASHLAND FOOD COOPERATIVE    ,237 N FIRST ST              ,ASHLAND           ,OR,97520,45453,SUPERFOOD POWDER,1,20 OZ,$129.52 ,8
NCG,BOISE VILLAGE,2350 NORTH EAGLE ROAD       ,MERIDIAN          ,ID,83642,45453,SUPERFOOD POWDER,1,20 OZ,$80.95 ,5
NCG,BOZEMAN CO-OP               ,908 WEST MAIN STREET        ,BOZEMAN           ,MT,59715,45453,SUPERFOOD POWDER,1,20 OZ,$80.95 ,5
NCG,BRIARPATCH COMM MKT SUPPS   ,290 SIERRA COLLEGE DR       ,GRASS VALLEY      ,CA,95945,45453,SUPERFOOD POWDER,1,20 OZ,$64.76 ,4
NCG,BRIARPATCH COMM MKT SUPPS   ,290 SIERRA COLLEGE DR       ,GRASS VALLEY      ,CA,95945,76740,NUT SPICES BAR,12,2 OZ,$151.20 ,10
NCG,BRIARPATCH COMM MKT SUPPS   ,290 SIERRA COLLEGE DR       ,GRASS VALLEY      ,CA,95945,80760,CHOC PRTN BAR,12,2 OZ,$60.48 ,4
NCG,CENTRAL CO-OP PEARL ST ,4502 N PEARL ST             ,TACOMA            ,WA,98407,76740,NUT SPICES BAR,12,2 OZ,$15.12 ,1
NCG,CENTRAL CO-OP PEARL ST ,4502 N PEARL ST             ,TACOMA            ,WA,98407,80760,CHOC PRTN BAR,12,2 OZ,$15.12 ,1
NCG,CHICO NATURAL FOODS CO-OP   ,818 MAIN STREET             ,CHICO             ,CA,95926,25452,BERRY PRTN SMOOTHIE,12,12 OZ,$33.96 ,1
NCG,CHICO NATURAL FOODS CO-OP   ,818 MAIN STREET             ,CHICO             ,CA,95926,56732,GREEN PRTN SMOOTHIE,12,12 OZ,$33.96 ,1
NCG,CHICO NATURAL FOODS CO-OP   ,818 MAIN STREET             ,CHICO             ,CA,95926,60678,CITRUS SMOOTHIE,12,12 OZ,$33.96 ,1
NCG,CHICO NATURAL FOODS CO-OP   ,818 MAIN STREET             ,CHICO             ,CA,95926,66736,HONEY BUTTER SMOOTHIE,12,12 OZ,$33.96 ,1
NCG,CHICO NATURAL FOODS CO-OP   ,818 MAIN STREET             ,CHICO             ,CA,95926,76740,NUT SPICES BAR,12,2 OZ,$60.48 ,4
NCG,CHICO NATURAL FOODS CO-OP   ,818 MAIN STREET             ,CHICO             ,CA,95926,80760,CHOC PRTN BAR,12,2 OZ,$60.48 ,4
NCG,CO-OPPORTUNITY,1525 BROADWAY               ,SANTA MONICA      ,CA,90404,45453,SUPERFOOD POWDER,1,20 OZ,$64.76 ,4
NCG,DAVIS FOOD CO-OP            ,620 G STREET                ,DAVIS             ,CA,95616,45453,SUPERFOOD POWDER,1,20 OZ,$129.52 ,8
NCG,FAIRBANKS COOP MARKET DRY   ,PO BOX 72637                ,FAIRBANKS         ,AK,99701,56732,GREEN PRTN SMOOTHIE,12,12 OZ,$33.96 ,1
NCG,FIRST ALT - NORTH           ,2855 NW GRANT AVE           ,CORVALLIS         ,OR,97330,45453,SUPERFOOD POWDER,1,20 OZ,$16.19 ,1
NCG,"FOOD CO-OP, THE             ",414 KEARNEY STREET          ,PORT TOWNSEND     ,WA,98368,45453,SUPERFOOD POWDER,1,20 OZ,$80.95 ,5
NCG,LA MONTANITA SF             ,913 WEST ALAMEDA            ,SANTA FE          ,NM,87501,45453,SUPERFOOD POWDER,1,20 OZ,$32.38 ,2
NCG,LOS ALAMOS COOP MARKET      ,95 ENTRADA DR               ,LOS ALAMOS        ,NM,87544,25452,BERRY PRTN SMOOTHIE,12,12 OZ,$33.96 ,1
NCG,MOSCOW FOOD CO-OP           ,121 E. 5TH ST.              ,MOSCOW            ,ID,83843,45453,SUPERFOOD POWDER,1,20 OZ,$97.14 ,6
NCG,SILVER CITY FOOD CO-OP      ,520 N BULLARD               ,SILVER CITY       ,NM,88061,76740,NUT SPICES BAR,12,2 OZ,$30.24 ,2
NCG,SNO-ISLE NATURAL FOOD CO-OP ,2804 GRAND AVE              ,EVERETT           ,WA,98201,76740,NUT SPICES BAR,12,2 OZ,$15.12 ,1
NCG,SNO-ISLE NATURAL FOOD CO-OP ,2804 GRAND AVE              ,EVERETT           ,WA,98201,80760,CHOC PRTN BAR,12,2 OZ,$15.12 ,1
NCG,UKIAH CO-OP                 ,721 SOUTH STATE ST          ,UKIAH             ,CA,95482,76740,NUT SPICES BAR,12,2 OZ,$30.24 ,2
NCG,UKIAH CO-OP                 ,721 SOUTH STATE ST          ,UKIAH             ,CA,95482,80760,CHOC PRTN BAR,12,2 OZ,$30.24 ,2
OLIVERS MARKETS,OLIVERS MARKET              ,546 E. COTATI AVE           ,COTATI            ,CA,94931,45453,SUPERFOOD POWDER,1,20 OZ,$80.95 ,5
OLIVERS MARKETS,OLIVERS MARKET MONTECITO    ,560 MONTECITO CENTER        ,SANTA ROSA        ,CA,95409,45453,SUPERFOOD POWDER,1,20 OZ,$32.38 ,2
OLIVERS MARKETS,OLIVERS MARKET STONY POINT  ,461 STONY POINT ROAD        ,SANTA ROSA        ,CA,95401,45453,SUPERFOOD POWDER,1,20 OZ,$32.38 ,2
ORGANIC ROOTS,ORGANIC ROOTS INC,40458 WINCHESTER ROAD       ,TEMECULA          ,CA,92591,45453,SUPERFOOD POWDER,1,20 OZ,$32.38 ,2
ORGANIC ROOTS,ORGANIC ROOTS INC           ,40458 WINCHESTER ROAD       ,TEMECULA          ,CA,92591,84475,BERRY PLANT YOGURT,6,6 OZ,$18.54 ,3
ORGANIC ROOTS,ORGANIC ROOTS INC           ,40458 WINCHESTER ROAD       ,TEMECULA          ,CA,92591,98474,VANILLA PLANT YOGURT,6,6 OZ,$18.54 ,3
PCC MARKETS,PCC #02 KIRKLAND,10718 NE 68TH               ,KIRKLAND          ,WA,98033,45453,SUPERFOOD POWDER,1,20 OZ,$64.76 ,4
PCC MARKETS,PCC #05 VIEWRIDGE,6514 40TH NE                ,SEATTLE           ,WA,98115,45453,SUPERFOOD POWDER,1,20 OZ,$129.52 ,8
PCC MARKETS,PCC #09 GRNLK AURORA,7504 AURORA AVE. N.         ,SEATTLE           ,WA,98103,45453,SUPERFOOD POWDER,1,20 OZ,$32.38 ,2
PCC MARKETS,PCC #10 ISSAQUAH,1810 12TH AVE NW            ,ISSAQUAH          ,WA,98027,45453,SUPERFOOD POWDER,1,20 OZ,$194.28 ,12
PCC MARKETS,PCC #11 FREMONT,600 NORTH 34TH STREET       ,SEATTLE           ,WA,98103,45453,SUPERFOOD POWDER,1,20 OZ,$48.57 ,3
PCC MARKETS,PCC #12 REDMOND,11435 AVONDALE RD NE        ,REDMOND           ,WA,98052,45453,SUPERFOOD POWDER,1,20 OZ,$97.14 ,6
PCC MARKETS,PCC #13 EDMONDS,9803 EDMONDS WAY            ,EDMONDS           ,WA,98020,45453,SUPERFOOD POWDER,1,20 OZ,$32.38 ,2
PCC MARKETS,PCC #14 GREENLAKE VLG,450 NE 71ST ST              ,SEATTLE           ,WA,98115,45453,SUPERFOOD POWDER,1,20 OZ,$32.38 ,2
PCC MARKETS,PCC #15 COLUMBIA CTY,3610 S EDMUNDS ST           ,SEATTLE           ,WA,98118,45453,SUPERFOOD POWDER,1,20 OZ,$145.71 ,9
PCC MARKETS,PCC #17 BURIEN,15840 1ST AVE S             ,BURIEN            ,WA,98148,45453,SUPERFOOD POWDER,1,20 OZ,$97.14 ,6
PCC MARKETS,PCC BOTHELL ,22621 BOTHELL-EVERETT HWY   ,BOTHELL           ,WA,98021,45453,SUPERFOOD POWDER,1,20 OZ,$32.38 ,2
PCC MARKETS,PCC MARKETS BALLARD,1451 NW 46TH ST             ,SEATTLE           ,WA,98107,45453,SUPERFOOD POWDER,1,20 OZ,$48.57 ,3
PCC MARKETS,PCC MARKETS WS,2749 CALIFORNIA AVE         ,SEATTLE           ,WA,98116,45453,SUPERFOOD POWDER,1,20 OZ,$97.14 ,6
PHARMACA,PHARMACA LOS GATOS          ,54 N SANTA CRUZ AVE         ,LOS GATOS         ,CA,95030,80760,CHOC PRTN BAR,12,2 OZ,$15.12 ,1
RALEYS,BEL AIR #502                ,4320 ARDEN WAY              ,SACRAMENTO        ,CA,95864,45453,SUPERFOOD POWDER,1,20 OZ,$16.19 ,1
RALEYS,BEL AIR #509                ,1039 SUNRISE AVE            ,ROSEVILLE         ,CA,95661,45453,SUPERFOOD POWDER,1,20 OZ,$32.38 ,2
RALEYS,BEL AIR #511                ,4005 MANZANITA AVE          ,CARMICHAEL        ,CA,95608,45453,SUPERFOOD POWDER,1,20 OZ,$32.38 ,2
RALEYS,BEL AIR #515                ,3510 PALMER DR              ,CAMERON PARK      ,CA,95682,45453,SUPERFOOD POWDER,1,20 OZ,$16.19 ,1
RALEYS,BEL AIR #519                ,7901 WALERGA RD             ,ANTELOPE          ,CA,95843,45453,SUPERFOOD POWDER,1,20 OZ,$32.38 ,2
RALEYS,BEL AIR #524                ,2760 E BIDWELL              ,FOLSOM            ,CA,95630,45453,SUPERFOOD POWDER,1,20 OZ,$32.38 ,2
RALEYS,BEL AIR #524                ,2760 E BIDWELL              ,FOLSOM            ,CA,95630,45453,SUPERFOOD POWDER,1,20 OZ,$16.19 ,1
RALEYS,NOB HILL FOODS #601         ,1945 N ST                   ,NEWMAN            ,CA,95360,45453,SUPERFOOD POWDER,1,20 OZ,$16.19 ,1
RALEYS,NOB HILL FOODS #602         ,777 FIRST ST                ,GILROY            ,CA,95020,45453,SUPERFOOD POWDER,1,20 OZ,$113.33 ,7
RALEYS,NOB HILL FOODS #615         ,809 BAY AVE                 ,CAPITOLA          ,CA,95010,45453,SUPERFOOD POWDER,1,20 OZ,$32.38 ,2
RALEYS,NOB HILL FOODS #620         ,222 MT HERMON RD            ,SCOTTS VALLEY     ,CA,95066,45453,SUPERFOOD POWDER,1,20 OZ,$16.19 ,1
RALEYS,NOB HILL FOODS #621         ,520 CENTER AVE              ,MARTINEZ          ,CA,94553,45453,SUPERFOOD POWDER,1,20 OZ,$16.19 ,1
RALEYS,RALEYS #102                 ,2895 N MCCARRAN BLVD        ,RENO              ,NV,89431,45453,SUPERFOOD POWDER,1,20 OZ,$32.38 ,2
RALEYS,RALEYS #110                 ,2389 WINGFIELD HILLS RD     ,SPANISH SPRINGS   ,NV,89436,45453,SUPERFOOD POWDER,1,20 OZ,$48.57 ,3
RALEYS,RALEYS #113                 ,930 TAHOE BLVD              ,INCLINE VILLAGE   ,NV,89451,45453,SUPERFOOD POWDER,1,20 OZ,$16.19 ,1
RALEYS,RALEYS #127                 ,1040 EMERALD BAY RD         ,SOUTH LAKE TAHOE  ,CA,96150,45453,SUPERFOOD POWDER,1,20 OZ,$145.71 ,9
RALEYS,RALEYS #213                 ,692 FREEMAN LANE            ,GRASS VALLEY      ,CA,95949,45453,SUPERFOOD POWDER,1,20 OZ,$16.19 ,1
RALEYS,RALEYS #228                 ,4051 WOODCREEK OAKS BLVD    ,ROSEVILLE         ,CA,95747,45453,SUPERFOOD POWDER,1,20 OZ,$48.57 ,3
RALEYS,RALEYS #233                 ,725 S MAIN ST               ,RED BLUFF         ,CA,96080,45453,SUPERFOOD POWDER,1,20 OZ,$48.57 ,3
RALEYS,RALEYS #236                 ,2325 MYERS  ST              ,OROVILLE          ,CA,95966,45453,SUPERFOOD POWDER,1,20 OZ,$32.38 ,2
RALEYS,RALEYS #242                 ,700 W ONSTOTT FRONTAGE RD   ,YUBA CITY         ,CA,95991,45453,SUPERFOOD POWDER,1,20 OZ,$48.57 ,3
RALEYS,RALEYS #248                 ,201 LAKE BLVD               ,REDDING           ,CA,96003,45453,SUPERFOOD POWDER,1,20 OZ,$16.19 ,1
RALEYS,RALEYS #308                 ,3430 TULLY RD STE 40        ,MODESTO           ,CA,95350,45453,SUPERFOOD POWDER,1,20 OZ,$16.19 ,1
RALEYS,RALEYS #319                 ,217 SOSCOL AVE              ,NAPA              ,CA,94559,45453,SUPERFOOD POWDER,1,20 OZ,$48.57 ,3
RALEYS,RALEYS #337                 ,100 RALEYS TOWN CENTER      ,ROHNERT PARK      ,CA,94928,45453,SUPERFOOD POWDER,1,20 OZ,$16.19 ,1
RALEYS,RALEYS #410                 ,25025 BLUE RAVINE RD        ,FOLSOM            ,CA,95630,45453,SUPERFOOD POWDER,1,20 OZ,$32.38 ,2
RALEYS,RALEYS #417                 ,4840 SAN JUAN AVE           ,FAIR OAKS         ,CA,95628,45453,SUPERFOOD POWDER,1,20 OZ,$80.95 ,5
RALEYS,RALEYS #435                 ,2075 FAIR OAKS BLVD STE 130 ,SACRAMENTO        ,CA,95825,45453,SUPERFOOD POWDER,1,20 OZ,$16.19 ,1
RALEYS,RALEYS #443                 ,4900 ELK GROVE BLVD         ,ELK GROVE         ,CA,95758,45453,SUPERFOOD POWDER,1,20 OZ,$16.19 ,1
RALPHS THRIFTWAY,RALPHS THRIFTWAY EAST 4TH   ,1908 E 4TH AVE              ,OLYMPIA           ,WA,98506,76740,NUT SPICES BAR,12,2 OZ,$15.12 ,1
RALPHS THRIFTWAY,RALPHS THRIFTWAY EAST 4TH   ,1908 E 4TH AVE              ,OLYMPIA           ,WA,98506,80760,CHOC PRTN BAR,12,2 OZ,$15.12 ,1
SPROUTS FARMERS MARKET,SPROUTS FARMERS MKT 002,9301 E SHEA BLVD STE.#132   ,SCOTTSDALE        ,AZ,85260,45453,SUPERFOOD POWDER,1,20 OZ,$113.33 ,7
SPROUTS FARMERS MARKET,SPROUTS FARMERS MKT 002,9301 E SHEA BLVD STE.#132   ,SCOTTSDALE        ,AZ,85260,25452,BERRY PRTN SMOOTHIE,12,12 OZ,$33.96 ,1
SPROUTS FARMERS MARKET,SPROUTS FARMERS MKT 007,8040 N 19TH AVE             ,PHOENIX           ,AZ,85021,45453,SUPERFOOD POWDER,1,20 OZ,$64.76 ,4
SPROUTS FARMERS MARKET,SPROUTS FARMERS MKT 007,8040 N 19TH AVE             ,PHOENIX           ,AZ,85021,35454,PLAIN PLANT YOGURT,6,6 OZ,$6.18 ,1
SPROUTS FARMERS MARKET,SPROUTS FARMERS MKT 011,7665 NORTH ORACLE           ,TUCSON            ,AZ,85737,45453,SUPERFOOD POWDER,1,20 OZ,$97.14 ,6
SPROUTS FARMERS MARKET,SPROUTS FARMERS MKT 011,7665 NORTH ORACLE           ,TUCSON            ,AZ,85737,25452,BERRY PRTN SMOOTHIE,12,12 OZ,$101.88 ,3
SPROUTS FARMERS MARKET,SPROUTS FARMERS MKT 012,13759 W BELL RD             ,SURPRISE          ,AZ,85374,45453,SUPERFOOD POWDER,1,20 OZ,$129.52 ,8
SPROUTS FARMERS MARKET,SPROUTS FARMERS MKT 012,13759 W BELL RD             ,SURPRISE          ,AZ,85374,35454,PLAIN PLANT YOGURT,6,6 OZ,$6.18 ,1
SPROUTS FARMERS MARKET,SPROUTS FARMERS MKT 013,1813 N DYSART               ,AVONDALE          ,AZ,85323,45453,SUPERFOOD POWDER,1,20 OZ,$64.76 ,4
SPROUTS FARMERS MARKET,SPROUTS FARMERS MKT 013,1813 N DYSART               ,AVONDALE          ,AZ,85323,35454,PLAIN PLANT YOGURT,6,6 OZ,$12.36 ,2
SPROUTS FARMERS MARKET,SPROUTS FARMERS MKT 021,3860 WEST RIVER RD          ,TUCSON            ,AZ,85741,35454,PLAIN PLANT YOGURT,6,6 OZ,$18.54 ,3
SPROUTS FARMERS MARKET,SPROUTS FARMERS MKT 021,3860 WEST RIVER RD          ,TUCSON            ,AZ,85741,35454,PLAIN PLANT YOGURT,6,6 OZ,$6.18 ,1
SPROUTS FARMERS MARKET,SPROUTS FARMERS MKT 024,4645 EAST SPEEDWAY BLVD     ,TUCSON            ,AZ,85712,45453,SUPERFOOD POWDER,1,20 OZ,$16.19 ,1
SPROUTS FARMERS MARKET,SPROUTS FARMERS MKT 024,4645 EAST SPEEDWAY BLVD     ,TUCSON            ,AZ,85712,25452,BERRY PRTN SMOOTHIE,12,12 OZ,$33.96 ,1
SPROUTS FARMERS MARKET,SPROUTS FARMERS MKT 034,2060 E BASELINE RD          ,MESA              ,AZ,85204,45453,SUPERFOOD POWDER,1,20 OZ,$64.76 ,4
SPROUTS FARMERS MARKET,SPROUTS FARMERS MKT 035,1590 S 4TH ST               ,YUMA              ,AZ,85364,45453,SUPERFOOD POWDER,1,20 OZ,$48.57 ,3
SPROUTS FARMERS MARKET,SPROUTS FARMERS MKT 039,8787 N SCOTTSDALE RD STE 124,SCOTTSDALE        ,AZ,85253,45453,SUPERFOOD POWDER,1,20 OZ,$97.14 ,6
SPROUTS FARMERS MARKET,SPROUTS FARMERS MKT 039,8787 N SCOTTSDALE RD STE 124,SCOTTSDALE        ,AZ,85253,25452,BERRY PRTN SMOOTHIE,12,12 OZ,$271.68 ,8
SPROUTS FARMERS MARKET,SPROUTS FARMERS MKT 041,3320 N 7TH AVE              ,PHOENIX           ,AZ,85013,45453,SUPERFOOD POWDER,1,20 OZ,$48.57 ,3
SPROUTS FARMERS MARKET,SPROUTS FARMERS MKT 041,3320 N 7TH AVE              ,PHOENIX           ,AZ,85013,25452,BERRY PRTN SMOOTHIE,12,12 OZ,$33.96 ,1
SPROUTS FARMERS MARKET,SPROUTS FARMERS MKT 104,220 RANDALL MILL AVE        ,SOUTHLAKE         ,TX,76092,45453,SUPERFOOD POWDER,1,20 OZ,$48.57 ,3
SPROUTS FARMERS MARKET,SPROUTS FARMERS MKT 107,207 EAST FM 544             ,MURPHY            ,TX,75094,45453,SUPERFOOD POWDER,1,20 OZ,$404.75 ,25
SPROUTS FARMERS MARKET,SPROUTS FARMERS MKT 107,207 EAST FM 544             ,MURPHY            ,TX,75094,35454,PLAIN PLANT YOGURT,6,6 OZ,$24.72 ,4
SPROUTS FARMERS MARKET,SPROUTS FARMERS MKT 108,110 WEST SANDY LAKE RD      ,COPPELL           ,TX,75019,45453,SUPERFOOD POWDER,1,20 OZ,$16.19 ,1
SPROUTS FARMERS MARKET,SPROUTS FARMERS MKT 108,110 WEST SANDY LAKE RD      ,COPPELL           ,TX,75019,35454,PLAIN PLANT YOGURT,6,6 OZ,$24.72 ,4
SPROUTS FARMERS MARKET,SPROUTS FARMERS MKT 110,110 N INTERSTATE 35 STE 299 ,ROUND ROCK        ,TX,78681,45453,SUPERFOOD POWDER,1,20 OZ,$64.76 ,4
SPROUTS FARMERS MARKET,SPROUTS FARMERS MKT 110,110 N INTERSTATE 35 STE 299 ,ROUND ROCK        ,TX,78681,35454,PLAIN PLANT YOGURT,6,6 OZ,$18.54 ,3
SPROUTS FARMERS MARKET,SPROUTS FARMERS MKT 115,1745 E HEBRON PKWY          ,CARROLTON         ,TX,75010,45453,SUPERFOOD POWDER,1,20 OZ,$80.95 ,5
SPROUTS FARMERS MARKET,SPROUTS FARMERS MKT 115,1745 E HEBRON PKWY          ,CARROLTON         ,TX,75010,35454,PLAIN PLANT YOGURT,6,6 OZ,$12.36 ,2
SPROUTS FARMERS MARKET,SPROUTS FARMERS MKT 117,4006 S. LAMAR #400          ,AUSTIN            ,TX,78704,45453,SUPERFOOD POWDER,1,20 OZ,$16.19 ,1
SPROUTS FARMERS MARKET,SPROUTS FARMERS MKT 117,4006 S. LAMAR #400          ,AUSTIN            ,TX,78704,35454,PLAIN PLANT YOGURT,6,6 OZ,$49.44 ,8
SPROUTS FARMERS MARKET,SPROUTS FARMERS MKT 118,8101 CALLAGHAN RD.          ,SAN ANTONIO       ,TX,78230,45453,SUPERFOOD POWDER,1,20 OZ,$32.38 ,2
SPROUTS FARMERS MARKET,SPROUTS FARMERS MKT 119,1440 AIRLINE                ,CORPUS CHRISTI    ,TX,78412,45453,SUPERFOOD POWDER,1,20 OZ,$48.57 ,3
SPROUTS FARMERS MARKET,SPROUTS FARMERS MKT 119,1440 AIRLINE                ,CORPUS CHRISTI    ,TX,78412,35454,PLAIN PLANT YOGURT,6,6 OZ,$6.18 ,1
SPROUTS FARMERS MARKET,SPROUTS FARMERS MKT 126,1800 N HENDERSON AVE        ,DALLAS            ,TX,75206,45453,SUPERFOOD POWDER,1,20 OZ,$80.95 ,5
SPROUTS FARMERS MARKET,SPROUTS FARMERS MKT 126,1800 N HENDERSON AVE        ,DALLAS            ,TX,75206,35454,PLAIN PLANT YOGURT,6,6 OZ,$6.18 ,1
SPROUTS FARMERS MARKET,SPROUTS FARMERS MKT 130,22506 HWY 249               ,HOUSTON           ,TX,77070,45453,SUPERFOOD POWDER,1,20 OZ,$16.19 ,1
SPROUTS FARMERS MARKET,SPROUTS FARMERS MKT 130,22506 HWY 249               ,HOUSTON           ,TX,77070,35454,PLAIN PLANT YOGURT,6,6 OZ,$6.18 ,1
SPROUTS FARMERS MARKET,SPROUTS FARMERS MKT 132,9241 VIRGINIA PKWY          ,MCKINNEY          ,TX,75071,45453,SUPERFOOD POWDER,1,20 OZ,$16.19 ,1
SPROUTS FARMERS MARKET,SPROUTS FARMERS MKT 132,9241 VIRGINIA PKWY          ,MCKINNEY          ,TX,75071,35454,PLAIN PLANT YOGURT,6,6 OZ,$6.18 ,1
SPROUTS FARMERS MARKET,SPROUTS FARMERS MKT 133,11940 WESTHEIMER RD         ,HOUSTON           ,TX,77077,45453,SUPERFOOD POWDER,1,20 OZ,$97.14 ,6
SPROUTS FARMERS MARKET,SPROUTS FARMERS MKT 139,20708 KUYKENDAHL RD         ,SPRING            ,TX,77379,45453,SUPERFOOD POWDER,1,20 OZ,$145.71 ,9
SPROUTS FARMERS MARKET,SPROUTS FARMERS MKT 139,20708 KUYKENDAHL RD         ,SPRING            ,TX,77379,25452,BERRY PRTN SMOOTHIE,12,12 OZ,$33.96 ,1
SPROUTS FARMERS MARKET,SPROUTS FARMERS MKT 140,5711 W INTERSTATE 20 HWY    ,ARLINGTON         ,TX,76017,45453,SUPERFOOD POWDER,1,20 OZ,$48.57 ,3
SPROUTS FARMERS MARKET,SPROUTS FARMERS MKT 140,5711 W INTERSTATE 20 HWY    ,ARLINGTON         ,TX,76017,25452,BERRY PRTN SMOOTHIE,12,12 OZ,$135.84 ,4
SPROUTS FARMERS MARKET,SPROUTS FARMERS MKT 143,1550 E DEBBIE LN            ,MANSFIELD         ,TX,76063,45453,SUPERFOOD POWDER,1,20 OZ,$129.52 ,8
SPROUTS FARMERS MARKET,SPROUTS FARMERS MKT 143,1550 E DEBBIE LN            ,MANSFIELD         ,TX,76063,35454,PLAIN PLANT YOGURT,6,6 OZ,$6.18 ,1
SPROUTS FARMERS MARKET,SPROUTS FARMERS MKT 152,13550 UNIVERSITY BLVD       ,SUGARLAND         ,TX,77479,45453,SUPERFOOD POWDER,1,20 OZ,$80.95 ,5
SPROUTS FARMERS MARKET,SPROUTS FARMERS MKT 153,9801 GATEWAY BLVD STE E     ,EL PASO           ,TX,79925,45453,SUPERFOOD POWDER,1,20 OZ,$97.14 ,6
SPROUTS FARMERS MARKET,SPROUTS FARMERS MKT 153,9801 GATEWAY BLVD STE E     ,EL PASO           ,TX,79925,25452,BERRY PRTN SMOOTHIE,12,12 OZ,$33.96 ,1
SPROUTS FARMERS MARKET,SPROUTS FARMERS MKT 203,149 SOUTH LAS POSAS         ,SAN MARCOS        ,CA,92078,45453,SUPERFOOD POWDER,1,20 OZ,$48.57 ,3
SPROUTS FARMERS MARKET,SPROUTS FARMERS MKT 203,149 SOUTH LAS POSAS         ,SAN MARCOS        ,CA,92078,25452,BERRY PRTN SMOOTHIE,12,12 OZ,$33.96 ,1
SPROUTS FARMERS MARKET,SPROUTS FARMERS MKT 204,4230 PACIFIC COAST HWY      ,TORRANCE          ,CA,90505,45453,SUPERFOOD POWDER,1,20 OZ,$32.38 ,2
SPROUTS FARMERS MARKET,SPROUTS FARMERS MKT 204,4230 PACIFIC COAST HWY      ,TORRANCE          ,CA,90505,25452,BERRY PRTN SMOOTHIE,12,12 OZ,$33.96 ,1
SPROUTS FARMERS MARKET,SPROUTS FARMERS MKT 205,835 W FOOTHILL BLVD         ,CLAREMONT         ,CA,91711,45453,SUPERFOOD POWDER,1,20 OZ,$129.52 ,8
SPROUTS FARMERS MARKET,SPROUTS FARMERS MKT 205,835 W FOOTHILL BLVD         ,CLAREMONT         ,CA,91711,35454,PLAIN PLANT YOGURT,6,6 OZ,$12.36 ,2
SPROUTS FARMERS MARKET,SPROUTS FARMERS MKT 205,835 W FOOTHILL BLVD         ,CLAREMONT         ,CA,91711,25452,BERRY PRTN SMOOTHIE,12,12 OZ,$101.88 ,3
SPROUTS FARMERS MARKET,SPROUTS FARMERS MKT 205,835 W FOOTHILL BLVD         ,CLAREMONT         ,CA,91711,25452,BERRY PRTN SMOOTHIE,12,12 OZ,$33.96 ,1
SPROUTS FARMERS MARKET,SPROUTS FARMERS MKT 206,3775 ALTON PARKWAY          ,IRVINE            ,CA,92606,45453,SUPERFOOD POWDER,1,20 OZ,$64.76 ,4
SPROUTS FARMERS MARKET,SPROUTS FARMERS MKT 206,3775 ALTON PARKWAY          ,IRVINE            ,CA,92606,35454,PLAIN PLANT YOGURT,6,6 OZ,$6.18 ,1
SPROUTS FARMERS MARKET,SPROUTS FARMERS MKT 208,12301 SEAL BEACH BLVD       ,SEAL BEACH        ,CA,90740,45453,SUPERFOOD POWDER,1,20 OZ,$16.19 ,1
SPROUTS FARMERS MARKET,SPROUTS FARMERS MKT 208,12301 SEAL BEACH BLVD       ,SEAL BEACH        ,CA,90740,25452,BERRY PRTN SMOOTHIE,12,12 OZ,$33.96 ,1
SPROUTS FARMERS MARKET,SPROUTS FARMERS MKT 214,600 W HILLCREST DR          ,THOUSAND OAKS     ,CA,91360,45453,SUPERFOOD POWDER,1,20 OZ,$32.38 ,2
SPROUTS FARMERS MARKET,SPROUTS FARMERS MKT 214,600 W HILLCREST DR          ,THOUSAND OAKS     ,CA,91360,35454,PLAIN PLANT YOGURT,6,6 OZ,$12.36 ,2
SPROUTS FARMERS MARKET,SPROUTS FARMERS MKT 216,111 E EL CAMINO REAL        ,SUNNYVALE         ,CA,94087,45453,SUPERFOOD POWDER,1,20 OZ,$97.14 ,6
SPROUTS FARMERS MARKET,SPROUTS FARMERS MKT 217,39 N ROSEMEAD BLVD          ,PASADENA          ,CA,91107,45453,SUPERFOOD POWDER,1,20 OZ,$80.95 ,5
SPROUTS FARMERS MARKET,SPROUTS FARMERS MKT 217,39 N ROSEMEAD BLVD          ,PASADENA          ,CA,91107,25452,BERRY PRTN SMOOTHIE,12,12 OZ,$33.96 ,1
SPROUTS FARMERS MARKET,SPROUTS FARMERS MKT 218,24285 MAGIC MOUNTAIN PKWY   ,SANTA CLARITA     ,CA,91355,45453,SUPERFOOD POWDER,1,20 OZ,$194.28 ,12
SPROUTS FARMERS MARKET,SPROUTS FARMERS MKT 218,24285 MAGIC MOUNTAIN PKWY   ,SANTA CLARITA     ,CA,91355,35454,PLAIN PLANT YOGURT,6,6 OZ,$6.18 ,1
SPROUTS FARMERS MARKET,SPROUTS FARMERS MKT 221,7153 AMADOR PLAZA RD        ,DUBLIN            ,CA,94568,45453,SUPERFOOD POWDER,1,20 OZ,$113.33 ,7
SPROUTS FARMERS MARKET,SPROUTS FARMERS MKT 221,7153 AMADOR PLAZA RD        ,DUBLIN            ,CA,94568,25452,BERRY PRTN SMOOTHIE,12,12 OZ,$169.80 ,5
SPROUTS FARMERS MARKET,SPROUTS FARMERS MKT 222,1515 HAWTHORNE BLVD         ,REDONDO BEACH     ,CA,90278,45453,SUPERFOOD POWDER,1,20 OZ,$16.19 ,1
SPROUTS FARMERS MARKET,SPROUTS FARMERS MKT 223,10821 N ZELZAH AVE          ,GRANADA HILLS     ,CA,91344,45453,SUPERFOOD POWDER,1,20 OZ,$97.14 ,6
SPROUTS FARMERS MARKET,SPROUTS FARMERS MKT 223,10821 N ZELZAH AVE          ,GRANADA HILLS     ,CA,91344,25452,BERRY PRTN SMOOTHIE,12,12 OZ,$169.80 ,5
SPROUTS FARMERS MARKET,SPROUTS FARMERS MKT 225,4630 PALM AVE.              ,LA MESA           ,CA,91941,45453,SUPERFOOD POWDER,1,20 OZ,$80.95 ,5
SPROUTS FARMERS MARKET,SPROUTS FARMERS MKT 227,1260 GARNET AVE  / DOCK     ,SAN DIEGO         ,CA,92109,45453,SUPERFOOD POWDER,1,20 OZ,$16.19 ,1
SPROUTS FARMERS MARKET,SPROUTS FARMERS MKT 227,1260 GARNET AVE  / DOCK     ,SAN DIEGO         ,CA,92109,25452,BERRY PRTN SMOOTHIE,12,12 OZ,$67.92 ,2
SPROUTS FARMERS MARKET,SPROUTS FARMERS MKT 230,8211 LAGUNA BLVD            ,ELK GROVE         ,CA,95758,45453,SUPERFOOD POWDER,1,20 OZ,$64.76 ,4
SPROUTS FARMERS MARKET,SPROUTS FARMERS MKT 230,8211 LAGUNA BLVD            ,ELK GROVE         ,CA,95758,35454,PLAIN PLANT YOGURT,6,6 OZ,$12.36 ,2
SPROUTS FARMERS MARKET,SPROUTS FARMERS MKT 237,"27271 LA PAZ ROAD SUITE ""B"" ",LAGUNA NIGUEL     ,CA,92677,45453,SUPERFOOD POWDER,1,20 OZ,$48.57 ,3
SPROUTS FARMERS MARKET,SPROUTS FARMERS MKT 237,"27271 LA PAZ ROAD SUITE ""B"" ",LAGUNA NIGUEL     ,CA,92677,25452,BERRY PRTN SMOOTHIE,12,12 OZ,$33.96 ,1
SPROUTS FARMERS MARKET,SPROUTS FARMERS MKT 238,17482 YORBA LINDA BLVD      ,YORBA LINDA       ,CA,92886,45453,SUPERFOOD POWDER,1,20 OZ,$16.19 ,1
SPROUTS FARMERS MARKET,SPROUTS FARMERS MKT 238,17482 YORBA LINDA BLVD      ,YORBA LINDA       ,CA,92886,25452,BERRY PRTN SMOOTHIE,12,12 OZ,$33.96 ,1
SPROUTS FARMERS MARKET,SPROUTS FARMERS MKT 240,3030 HARBOR BLVD SUITE D    ,COSTA MESA        ,CA,92626,45453,SUPERFOOD POWDER,1,20 OZ,$97.14 ,6
SPROUTS FARMERS MARKET,SPROUTS FARMERS MKT 240,3030 HARBOR BLVD SUITE D    ,COSTA MESA        ,CA,92626,35454,PLAIN PLANT YOGURT,6,6 OZ,$6.18 ,1
SPROUTS FARMERS MARKET,SPROUTS FARMERS MKT 241,3630 GRAND AVE              ,CHINO HILLS       ,CA,91709,45453,SUPERFOOD POWDER,1,20 OZ,$16.19 ,1
SPROUTS FARMERS MARKET,SPROUTS FARMERS MKT 241,3630 GRAND AVE              ,CHINO HILLS       ,CA,91709,25452,BERRY PRTN SMOOTHIE,12,12 OZ,$135.84 ,4
SPROUTS FARMERS MARKET,SPROUTS FARMERS MKT 243,120 WEST ONTARIO AVE        ,CORONA            ,CA,92882,45453,SUPERFOOD POWDER,1,20 OZ,$226.66 ,14
SPROUTS FARMERS MARKET,SPROUTS FARMERS MKT 245,7355 DAY CREEK BLVD         ,RANCHO CUCAMONGA  ,CA,91739,45453,SUPERFOOD POWDER,1,20 OZ,$64.76 ,4
SPROUTS FARMERS MARKET,SPROUTS FARMERS MKT 245,7355 DAY CREEK BLVD         ,RANCHO CUCAMONGA  ,CA,91739,35454,PLAIN PLANT YOGURT,6,6 OZ,$12.36 ,2
SPROUTS FARMERS MARKET,SPROUTS FARMERS MKT 252,820 NORTH WESTERN AVE       ,SAN PEDRO         ,CA,90732,45453,SUPERFOOD POWDER,1,20 OZ,$48.57 ,3
SPROUTS FARMERS MARKET,SPROUTS FARMERS MKT 255,21821 VENTURA BLVD          ,WOODLAND HILLS    ,CA,91364,45453,SUPERFOOD POWDER,1,20 OZ,$129.52 ,8
SPROUTS FARMERS MARKET,SPROUTS FARMERS MKT 255,21821 VENTURA BLVD          ,WOODLAND HILLS    ,CA,91364,35454,PLAIN PLANT YOGURT,6,6 OZ,$24.72 ,4
SPROUTS FARMERS MARKET,SPROUTS FARMERS MKT 257,400 W HUNTINTON             ,MONROVIA          ,CA,91016,45453,SUPERFOOD POWDER,1,20 OZ,$64.76 ,4
SPROUTS FARMERS MARKET,SPROUTS FARMERS MKT 257,400 W HUNTINTON             ,MONROVIA          ,CA,91016,25452,BERRY PRTN SMOOTHIE,12,12 OZ,$33.96 ,1
SPROUTS FARMERS MARKET,SPROUTS FARMERS MKT 260,4253 WOODRUFF AVE           ,LAKEWOOD          ,CA,90713,45453,SUPERFOOD POWDER,1,20 OZ,$16.19 ,1
SPROUTS FARMERS MARKET,SPROUTS FARMERS MKT 260,4253 WOODRUFF AVE           ,LAKEWOOD          ,CA,90713,25452,BERRY PRTN SMOOTHIE,12,12 OZ,$33.96 ,1
SPROUTS FARMERS MARKET,SPROUTS FARMERS MKT 261,920 FOOTHILLS BLVD          ,LA CANADA FLINTRIG,CA,91011,45453,SUPERFOOD POWDER,1,20 OZ,$113.33 ,7
SPROUTS FARMERS MARKET,SPROUTS FARMERS MKT 261,920 FOOTHILLS BLVD          ,LA CANADA FLINTRIG,CA,91011,25452,BERRY PRTN SMOOTHIE,12,12 OZ,$33.96 ,1
SPROUTS FARMERS MARKET,SPROUTS FARMERS MKT 264,15801 WHITTIER BLVD         ,WHITTIER          ,CA,90603,45453,SUPERFOOD POWDER,1,20 OZ,$48.57 ,3
SPROUTS FARMERS MARKET,SPROUTS FARMERS MKT 264,15801 WHITTIER BLVD         ,WHITTIER          ,CA,90603,25452,BERRY PRTN SMOOTHIE,12,12 OZ,$203.76 ,6
SPROUTS FARMERS MARKET,SPROUTS FARMERS MKT 269,5205 PROSPECT RD            ,SAN JOSE          ,CA,95129,45453,SUPERFOOD POWDER,1,20 OZ,$97.14 ,6
SPROUTS FARMERS MARKET,SPROUTS FARMERS MKT 269,5205 PROSPECT RD            ,SAN JOSE          ,CA,95129,25452,BERRY PRTN SMOOTHIE,12,12 OZ,$271.68 ,8
SPROUTS FARMERS MARKET,SPROUTS FARMERS MKT 270,1130 BRANHAM LN             ,SAN JOSE          ,CA,95118,45453,SUPERFOOD POWDER,1,20 OZ,$113.33 ,7
SPROUTS FARMERS MARKET,SPROUTS FARMERS MKT 270,1130 BRANHAM LN             ,SAN JOSE          ,CA,95118,25452,BERRY PRTN SMOOTHIE,12,12 OZ,$33.96 ,1
SPROUTS FARMERS MARKET,SPROUTS FARMERS MKT 271,630 SAN ANTONIO RD          ,MOUNTAIN VIEW     ,CA,94040,45453,SUPERFOOD POWDER,1,20 OZ,$32.38 ,2
SPROUTS FARMERS MARKET,SPROUTS FARMERS MKT 271,630 SAN ANTONIO RD          ,MOUNTAIN VIEW     ,CA,94040,25452,BERRY PRTN SMOOTHIE,12,12 OZ,$33.96 ,1
SPROUTS FARMERS MARKET,SPROUTS FARMERS MKT 279,3001 BROADWAY               ,OAKLAND           ,CA,94611,45453,SUPERFOOD POWDER,1,20 OZ,$16.19 ,1
SPROUTS FARMERS MARKET,SPROUTS FARMERS MKT 279,3001 BROADWAY               ,OAKLAND           ,CA,94611,35454,PLAIN PLANT YOGURT,6,6 OZ,$30.90 ,5
SPROUTS FARMERS MARKET,SPROUTS FARMERS MKT 305,1150 S IRONTON UNIT 130     ,AURORA            ,CO,80010,45453,SUPERFOOD POWDER,1,20 OZ,$64.76 ,4
SPROUTS FARMERS MARKET,SPROUTS FARMERS MKT 305,1150 S IRONTON UNIT 130     ,AURORA            ,CO,80010,35454,PLAIN PLANT YOGURT,6,6 OZ,$12.36 ,2
SPROUTS FARMERS MARKET,SPROUTS FARMERS MKT 318,1980 E COUNTY LINE RD       ,HIGHLANDS RANCH   ,CO,80126,45453,SUPERFOOD POWDER,1,20 OZ,$32.38 ,2
SPROUTS FARMERS MARKET,SPROUTS FARMERS MKT 322,3625 E COLFAX               ,DENVER            ,CO,80206,45453,SUPERFOOD POWDER,1,20 OZ,$97.14 ,6
SPROUTS FARMERS MARKET,SPROUTS FARMERS MKT 322,3625 E COLFAX               ,DENVER            ,CO,80206,25452,BERRY PRTN SMOOTHIE,12,12 OZ,$33.96 ,1
SPROUTS FARMERS MARKET,SPROUTS FARMERS MKT 330,1440 N LINCOLN AVE          ,LOVELAND          ,CO,80538,45453,SUPERFOOD POWDER,1,20 OZ,$16.19 ,1
SPROUTS FARMERS MARKET,SPROUTS FARMERS MKT 330,1440 N LINCOLN AVE          ,LOVELAND          ,CO,80538,35454,PLAIN PLANT YOGURT,6,6 OZ,$6.18 ,1
SPROUTS FARMERS MARKET,SPROUTS FARMERS MKT 401,1300 PINOLE VALLEY RD       ,PINOLE            ,CA,94564,45453,SUPERFOOD POWDER,1,20 OZ,$64.76 ,4
SPROUTS FARMERS MARKET,SPROUTS FARMERS MKT 403,2245 YOSEMITE               ,EAGLE ROCK        ,CA,90041,45453,SUPERFOOD POWDER,1,20 OZ,$48.57 ,3
SPROUTS FARMERS MARKET,SPROUTS FARMERS MKT 403,2245 YOSEMITE               ,EAGLE ROCK        ,CA,90041,35454,PLAIN PLANT YOGURT,6,6 OZ,$6.18 ,1
SPROUTS FARMERS MARKET,SPROUTS FARMERS MKT 404,2325 SAND CREEK RD          ,BRENTWOOD         ,CA,94513,45453,SUPERFOOD POWDER,1,20 OZ,$97.14 ,6
SPROUTS FARMERS MARKET,SPROUTS FARMERS MKT 407,150 E MAIN ST STE 150       ,ALHAMBRA          ,CA,91801,45453,SUPERFOOD POWDER,1,20 OZ,$48.57 ,3
SPROUTS FARMERS MARKET,SPROUTS FARMERS MKT 407,150 E MAIN ST STE 150       ,ALHAMBRA          ,CA,91801,35454,PLAIN PLANT YOGURT,6,6 OZ,$6.18 ,1
SPROUTS FARMERS MARKET,SPROUTS FARMERS MKT 412,175 N FAIRVIEW AVE          ,GOLETA            ,CA,93117,45453,SUPERFOOD POWDER,1,20 OZ,$64.76 ,4
SPROUTS FARMERS MARKET,SPROUTS FARMERS MKT 416,2634 GATEWAY ROAD           ,CARLSBAD          ,CA,92009,45453,SUPERFOOD POWDER,1,20 OZ,$16.19 ,1
SPROUTS FARMERS MARKET,SPROUTS FARMERS MKT 416,2634 GATEWAY ROAD           ,CARLSBAD          ,CA,92009,25452,BERRY PRTN SMOOTHIE,12,12 OZ,$33.96 ,1
SPROUTS FARMERS MARKET,SPROUTS FARMERS MKT 420,239 S DIAMOND BAR BLVD      ,DIAMOND BAR       ,CA,91765,45453,SUPERFOOD POWDER,1,20 OZ,$97.14 ,6
SPROUTS FARMERS MARKET,SPROUTS FARMERS MKT 420,239 S DIAMOND BAR BLVD      ,DIAMOND BAR       ,CA,91765,25452,BERRY PRTN SMOOTHIE,12,12 OZ,$33.96 ,1
SPROUTS FARMERS MARKET,SPROUTS FARMERS MKT 421,560 W STUART AVE            ,REDLANDS          ,CA,92373,45453,SUPERFOOD POWDER,1,20 OZ,$97.14 ,6
SPROUTS FARMERS MARKET,SPROUTS FARMERS MKT 421,560 W STUART AVE            ,REDLANDS          ,CA,92373,25452,BERRY PRTN SMOOTHIE,12,12 OZ,$33.96 ,1
SPROUTS FARMERS MARKET,SPROUTS FARMERS MKT 422,2810 DEL PASO RD            ,SACRAMENTO        ,CA,95834,45453,SUPERFOOD POWDER,1,20 OZ,$32.38 ,2
SPROUTS FARMERS MARKET,SPROUTS FARMERS MKT 422,2810 DEL PASO RD            ,SACRAMENTO        ,CA,95834,25452,BERRY PRTN SMOOTHIE,12,12 OZ,$33.96 ,1
SPROUTS FARMERS MARKET,SPROUTS FARMERS MKT 424,6399 JARVIS AVE             ,NEWARK            ,CA,94560,45453,SUPERFOOD POWDER,1,20 OZ,$16.19 ,1
SPROUTS FARMERS MARKET,SPROUTS FARMERS MKT 424,6399 JARVIS AVE             ,NEWARK            ,CA,94560,25452,BERRY PRTN SMOOTHIE,12,12 OZ,$33.96 ,1
SPROUTS FARMERS MARKET,SPROUTS FARMERS MKT 430,8142 MIRA MESA BLVD         ,SAN DIEGO         ,CA,92126,45453,SUPERFOOD POWDER,1,20 OZ,$113.33 ,7
SPROUTS FARMERS MARKET,SPROUTS FARMERS MKT 430,8142 MIRA MESA BLVD         ,SAN DIEGO         ,CA,92126,35454,PLAIN PLANT YOGURT,6,6 OZ,$18.54 ,3
SPROUTS FARMERS MARKET,SPROUTS FARMERS MKT 432,1041 HELEN POWER DR         ,VACAVILLE         ,CA,95687,45453,SUPERFOOD POWDER,1,20 OZ,$113.33 ,7
SPROUTS FARMERS MARKET,SPROUTS FARMERS MKT 432,1041 HELEN POWER DR         ,VACAVILLE         ,CA,95687,25452,BERRY PRTN SMOOTHIE,12,12 OZ,$135.84 ,4
SPROUTS FARMERS MARKET,SPROUTS FARMERS MKT 435,1400 E VISTA WAY            ,VISTA             ,CA,92084,35454,PLAIN PLANT YOGURT,6,6 OZ,$24.72 ,4
SPROUTS FARMERS MARKET,SPROUTS FARMERS MKT 435,1400 E VISTA WAY            ,VISTA             ,CA,92084,35454,PLAIN PLANT YOGURT,6,6 OZ,$6.18 ,1
SPROUTS FARMERS MARKET,SPROUTS FARMERS MKT 502,4020 S. RAINBOW BLVD        ,LAS VEGAS         ,NV,89103,45453,SUPERFOOD POWDER,1,20 OZ,$97.14 ,6
SPROUTS FARMERS MARKET,SPROUTS FARMERS MKT 502,4020 S. RAINBOW BLVD        ,LAS VEGAS         ,NV,89103,25452,BERRY PRTN SMOOTHIE,12,12 OZ,$33.96 ,1
SPROUTS FARMERS MARKET,SPROUTS FARMERS MKT 507,7530 W LAKE MEAD BLVD       ,LAS VEGAS         ,NV,89128,45453,SUPERFOOD POWDER,1,20 OZ,$80.95 ,5
SPROUTS FARMERS MARKET,SPROUTS FARMERS MKT 507,7530 W LAKE MEAD BLVD       ,LAS VEGAS         ,NV,89128,35454,PLAIN PLANT YOGURT,6,6 OZ,$18.54 ,3
SPROUTS FARMERS MARKET,SPROUTS FARMERS MKT 511,125 DISC DR                 ,SPARKS            ,NV,89436,45453,SUPERFOOD POWDER,1,20 OZ,$32.38 ,2
SPROUTS FARMERS MARKET,SPROUTS FARMERS MKT 511,125 DISC DR                 ,SPARKS            ,NV,89436,35454,PLAIN PLANT YOGURT,6,6 OZ,$18.54 ,3
SPROUTS FARMERS MARKET,SPROUTS FARMERS MKT 558,6150 N DECATUR BLVD STE 600 ,LAS VEGAS         ,NV,89130,45453,SUPERFOOD POWDER,1,20 OZ,$97.14 ,6
SPROUTS FARMERS MARKET,SPROUTS FARMERS MKT 558,6150 N DECATUR BLVD STE 600 ,LAS VEGAS         ,NV,89130,25452,BERRY PRTN SMOOTHIE,12,12 OZ,$33.96 ,1
SPROUTS FARMERS MARKET,SPROUTS FARMERS MKT 559,771 S RAINBOW BLVD STE 130  ,LAS VEGAS         ,NV,89145,45453,SUPERFOOD POWDER,1,20 OZ,$32.38 ,2
SPROUTS FARMERS MARKET,SPROUTS FARMERS MKT 601,6284 S STATE STREET         ,MURRAY            ,UT,84107,45453,SUPERFOOD POWDER,1,20 OZ,$97.14 ,6
SPROUTS FARMERS MARKET,SPROUTS FARMERS MKT 603,216 S 700 E                 ,SALT LAKE CITY    ,UT,84102,45453,SUPERFOOD POWDER,1,20 OZ,$64.76 ,4
SPROUTS FARMERS MARKET,SPROUTS FARMERS MKT 603,216 S 700 E                 ,SALT LAKE CITY    ,UT,84102,35454,PLAIN PLANT YOGURT,6,6 OZ,$12.36 ,2
SPROUTS FARMERS MARKET,SPROUTS FARMERS MKT 605,11519 S 4000 W              ,SOUTH JORDAN      ,UT,84095,45453,SUPERFOOD POWDER,1,20 OZ,$16.19 ,1
SPROUTS FARMERS MARKET,SPROUTS FARMERS MKT 605,11519 S 4000 W              ,SOUTH JORDAN      ,UT,84095,25452,BERRY PRTN SMOOTHIE,12,12 OZ,$33.96 ,1
SPROUTS FARMERS MARKET,SPROUTS FARMERS MKT 691,4841 ROUZAN SQUARE AVE      ,BATON ROUGE       ,LA,70808,45453,SUPERFOOD POWDER,1,20 OZ,$145.71 ,9
SPROUTS FARMERS MARKET,SPROUTS FARMERS MKT 702,5112 LOMAS BLVD             ,ALBUQUERQUE       ,NM,87110,45453,SUPERFOOD POWDER,1,20 OZ,$48.57 ,3
SPROUTS FARMERS MARKET,SPROUTS FARMERS MKT 708,5600 COORS BLVD             ,ALBUQUERQUE       ,NM,87120,45453,SUPERFOOD POWDER,1,20 OZ,$16.19 ,1
SPROUTS FARMERS MARKET,SPROUTS FARMERS MKT 708,5600 COORS BLVD             ,ALBUQUERQUE       ,NM,87120,25452,BERRY PRTN SMOOTHIE,12,12 OZ,$33.96 ,1
SPROUTS FARMERS MARKET,SPROUTS FARMERS MKT 804,10111 S MEMORIAL DR         ,BIXBY             ,OK,74133,45453,SUPERFOOD POWDER,1,20 OZ,$64.76 ,4
SPROUTS FARMERS MARKET,SPROUTS FARMERS MKT 804,10111 S MEMORIAL DR         ,BIXBY             ,OK,74133,35454,PLAIN PLANT YOGURT,6,6 OZ,$6.18 ,1
SPROUTS FARMERS MARKET,SPROUTS FARMERS MKT 805,4123 S HARVARD AVE          ,TULSA             ,OK,74135,45453,SUPERFOOD POWDER,1,20 OZ,$32.38 ,2
SPROUTS FARMERS MARKET,SPROUTS FARMERS MKT 805,4123 S HARVARD AVE          ,TULSA             ,OK,74135,35454,PLAIN PLANT YOGURT,6,6 OZ,$6.18 ,1
SPROUTS FARMERS MARKET,SPROUTS FARMERS MKT 806,851 E HILSIDE DR            ,TULSA             ,OK,74012,45453,SUPERFOOD POWDER,1,20 OZ,$307.61 ,19
SPROUTS FARMERS MARKET,SPROUTS FARMERS MKT 806,851 E HILSIDE DR            ,TULSA             ,OK,74012,25452,BERRY PRTN SMOOTHIE,12,12 OZ,$33.96 ,1
STAFF OF LIFE,STAFF OF LIFE SOQUEL AVE,1266 SOQUEL AVE             ,SANTA CRUZ        ,CA,95062,45453,SUPERFOOD POWDER,1,20 OZ,$64.76 ,4
SUNDANCE NATURAL FOODS,SUNDANCE NATURAL FOODS      ,748 E 24TH AVE              ,EUGENE            ,OR,97405,45453,SUPERFOOD POWDER,1,20 OZ,$194.28 ,12
SUNDANCE NATURAL FOODS,SUNDANCE NATURAL FOODS      ,748 E 24TH AVE              ,EUGENE            ,OR,97405,76740,NUT SPICES BAR,12,2 OZ,$30.24 ,2
SUNDANCE NATURAL FOODS,SUNDANCE NATURAL FOODS      ,748 E 24TH AVE              ,EUGENE            ,OR,97405,80760,CHOC PRTN BAR,12,2 OZ,$15.12 ,1
SUNRISE NATURAL FOODS,SUNRISE NATURAL FOODS       ,2160 GRASS VALLEY HWY 49    ,AUBURN            ,CA,95603,45453,SUPERFOOD POWDER,1,20 OZ,$16.19 ,1
SUPER 1 FOODS,SUPER 1 FOODS-COEUR D`ALENE ,305 W. KATHLEEN AVE.        ,COEUR D`ALENE     ,ID,83815,76740,NUT SPICES BAR,12,2 OZ,$60.48 ,4
SUPER 1 FOODS,SUPER 1 FOODS-COEUR D`ALENE ,305 W. KATHLEEN AVE.        ,COEUR D`ALENE     ,ID,83815,80760,CHOC PRTN BAR,12,2 OZ,$15.12 ,1
SUPER 1 FOODS,SUPER 1 FOODS-HELENA        ,3120 QUEEN ANNE ST          ,HELENA            ,MT,59602,70679,FRUIT BERRY BAR,12,2 OZ,$30.24 ,2
SUPER 1 FOODS,SUPER 1 FOODS-HELENA        ,3120 QUEEN ANNE ST          ,HELENA            ,MT,59602,76740,NUT SPICES BAR,12,2 OZ,$15.12 ,1
SUPER 1 FOODS,SUPER 1 FOODS-POST FALLS    ,805 E POLSTON               ,POST FALLS        ,ID,83854,70679,FRUIT BERRY BAR,12,2 OZ,$15.12 ,1
SUPER 1 FOODS,SUPER 1 FOODS-RATHDRUM      ,15837 N. WESTWOOD DR        ,RATHDRUM          ,ID,83858,76740,NUT SPICES BAR,12,2 OZ,$15.12 ,1
SUPER 1 FOODS,SUPER 1 FOODS-RATHDRUM      ,15837 N. WESTWOOD DR        ,RATHDRUM          ,ID,83858,80760,CHOC PRTN BAR,12,2 OZ,$15.12 ,1
VITAMIN PLUS,VITAMINS PLUS 210           ,5819 E KINGS HWY            ,SHREVEPORT        ,LA,71105,45453,SUPERFOOD POWDER,1,20 OZ,$97.14 ,6
WEALTH OF HEALTH,WEALTH OF HEALTH            ,120 SOUTH WOODRUFF AVE #A   ,IDAHO FALLS       ,ID,83401,25452,BERRY PRTN SMOOTHIE,12,12 OZ,$33.96 ,1
WEALTH OF HEALTH,WEALTH OF HEALTH            ,120 SOUTH WOODRUFF AVE #A   ,IDAHO FALLS       ,ID,83401,45453,SUPERFOOD POWDER,1,20 OZ,$97.14 ,6
WEALTH OF HEALTH,WEALTH OF HEALTH            ,120 SOUTH WOODRUFF AVE #A   ,IDAHO FALLS       ,ID,83401,56732,GREEN PRTN SMOOTHIE,12,12 OZ,$33.96 ,1
WHOLE WHEATERY,WHOLE WHEATERY              ,44264 10TH STREET WEST      ,LANCASTER         ,CA,93534,76740,NUT SPICES BAR,12,2 OZ,$15.12 ,1
YOKE`S,YOKES FRESH MARKET #05      ,117 N HILL STREET           ,KELLOG            ,ID,83837,45453,SUPERFOOD POWDER,1,20 OZ,$32.38 ,2
YOKE`S,YOKES FRESH MARKET #07      ,810 S MAIN STREET           ,DEER PARK         ,WA,99006,45453,SUPERFOOD POWDER,1,20 OZ,$80.95 ,5
YOKE`S,YOKES FRESH MARKET #08,12825 W SUNSET HWY          ,AIRWAY HEIGHTS    ,WA,99001,45453,SUPERFOOD POWDER,1,20 OZ,$32.38 ,2
YOKE`S,YOKES FRESH MARKET #14      ,1401 BOMBING RANGE RD       ,WEST RICHLAND     ,WA,99353,45453,SUPERFOOD POWDER,1,20 OZ,$32.38 ,2
YOKE`S,YOKES FRESH MARKET #17      ,1501 E SELTICE WAY          ,POST FALLS        ,ID,83854,45453,SUPERFOOD POWDER,1,20 OZ,$80.95 ,5
YOKE`S,YOKES FRESH MARKET #19      ,4235 CHENEY-SPOKANE RD      ,SPOKANE           ,WA,99224,45453,SUPERFOOD POWDER,1,20 OZ,$64.76 ,4
